               epoch,      train/box_loss,      train/obj_loss,      train/cls_loss,   metrics/precision,      metrics/recall,     metrics/mAP_0.5,metrics/mAP_0.5:0.95,        val/box_loss,        val/obj_loss,        val/cls_loss,               x/lr0,               x/lr1,               x/lr2
                   0,             0.11455,            0.031982,                   0,           0.0047364,            0.010417,          0.00069293,          0.00014849,             0.09337,            0.034968,                   0,              0.0023,              0.0023,              0.0793
                   1,            0.095302,            0.027204,                   0,              0.2664,             0.32639,             0.17677,            0.052183,            0.081538,            0.028156,                   0,           0.0046767,           0.0046767,            0.057677
                   2,            0.081877,            0.025987,                   0,            0.073156,             0.31408,            0.051399,            0.011803,            0.085766,            0.023247,                   0,           0.0070297,           0.0070297,             0.03603
                   3,            0.075698,             0.02388,                   0,            0.030991,             0.18056,            0.024257,           0.0052273,            0.068491,            0.035113,                   0,           0.0093589,           0.0093589,            0.014359
                   4,             0.06882,            0.025857,                   0,             0.13542,             0.29514,            0.099675,            0.036536,            0.072337,            0.029697,                   0,            0.009802,            0.009802,            0.009802
                   5,            0.059717,            0.024405,                   0,             0.54614,             0.36768,             0.38136,              0.1787,            0.058386,            0.031189,                   0,            0.009802,            0.009802,            0.009802
                   6,            0.055816,            0.023062,                   0,             0.75861,             0.64583,             0.70319,             0.21461,            0.053062,            0.023695,                   0,           0.0097525,           0.0097525,           0.0097525
                   7,            0.054342,            0.021926,                   0,             0.89223,             0.57639,             0.72391,             0.35035,            0.044198,            0.022951,                   0,            0.009703,            0.009703,            0.009703
                   8,            0.053756,            0.018406,                   0,             0.72586,             0.53472,             0.56613,             0.26067,            0.054387,            0.024795,                   0,           0.0096535,           0.0096535,           0.0096535
                   9,            0.049523,            0.019946,                   0,             0.48887,             0.52778,             0.40467,             0.10401,            0.061614,            0.022269,                   0,            0.009604,            0.009604,            0.009604
                  10,            0.048918,            0.018078,                   0,             0.78344,             0.70486,             0.76317,             0.30605,             0.04541,            0.021862,                   0,           0.0095545,           0.0095545,           0.0095545
                  11,            0.047632,            0.018297,                   0,             0.82698,             0.73264,             0.78919,             0.31126,            0.051134,            0.018014,                   0,            0.009505,            0.009505,            0.009505
                  12,            0.043611,            0.018308,                   0,             0.85061,             0.59722,             0.66003,             0.20802,            0.061568,            0.019465,                   0,           0.0094555,           0.0094555,           0.0094555
                  13,            0.045305,            0.018116,                   0,             0.64983,              0.5625,             0.52914,             0.16552,            0.052901,            0.022125,                   0,            0.009406,            0.009406,            0.009406
                  14,            0.046209,            0.017506,                   0,             0.81886,             0.72202,             0.75768,             0.20657,             0.06174,            0.017007,                   0,           0.0093565,           0.0093565,           0.0093565
                  15,            0.041274,            0.016769,                   0,             0.88284,             0.73258,             0.81221,             0.38529,            0.045961,            0.017698,                   0,            0.009307,            0.009307,            0.009307
                  16,            0.042164,            0.016084,                   0,             0.88886,             0.69792,             0.80896,             0.43623,            0.038313,            0.018789,                   0,           0.0092575,           0.0092575,           0.0092575
                  17,            0.039468,            0.017707,                   0,             0.86546,             0.71474,             0.78271,              0.4139,            0.040006,            0.019332,                   0,            0.009208,            0.009208,            0.009208
                  18,            0.041345,            0.015297,                   0,              0.7959,             0.69097,             0.73012,             0.21664,            0.048913,             0.02053,                   0,           0.0091585,           0.0091585,           0.0091585
                  19,            0.041272,            0.015067,                   0,             0.77014,             0.62847,             0.60075,             0.14924,            0.059682,            0.015397,                   0,            0.009109,            0.009109,            0.009109
                  20,            0.038516,            0.015571,                   0,             0.90879,             0.72917,             0.79863,             0.38062,            0.047531,            0.017034,                   0,           0.0090595,           0.0090595,           0.0090595
                  21,            0.039501,            0.014732,                   0,             0.71875,             0.53472,                0.53,             0.10204,            0.064974,            0.017159,                   0,             0.00901,             0.00901,             0.00901
                  22,            0.040317,            0.014474,                   0,             0.84824,             0.62153,             0.69796,               0.199,            0.054019,            0.021345,                   0,           0.0089605,           0.0089605,           0.0089605
                  23,             0.03726,            0.014042,                   0,             0.88475,             0.74653,              0.7858,              0.3151,            0.051519,            0.018892,                   0,            0.008911,            0.008911,            0.008911
                  24,            0.039611,            0.014122,                   0,             0.88531,             0.69792,             0.76076,              0.2653,            0.062954,            0.016943,                   0,           0.0088615,           0.0088615,           0.0088615
                  25,            0.036881,            0.013449,                   0,             0.88181,             0.67353,             0.74154,             0.17076,            0.064556,            0.016506,                   0,            0.008812,            0.008812,            0.008812
                  26,            0.034795,            0.014032,                   0,             0.80123,             0.60764,             0.64346,             0.19083,            0.064427,            0.017354,                   0,           0.0087625,           0.0087625,           0.0087625
                  27,            0.037242,            0.013492,                   0,             0.83849,             0.74306,             0.79557,             0.40339,            0.042657,            0.018535,                   0,            0.008713,            0.008713,            0.008713
                  28,            0.033791,            0.013667,                   0,             0.88735,             0.71115,             0.81081,             0.43963,            0.038934,            0.018286,                   0,           0.0086635,           0.0086635,           0.0086635
                  29,            0.035259,             0.01305,                   0,             0.76081,             0.65278,             0.67336,              0.2283,            0.051267,            0.019212,                   0,            0.008614,            0.008614,            0.008614
                  30,              0.0341,            0.012779,                   0,              0.8961,             0.71873,             0.80244,             0.43012,            0.038936,            0.019798,                   0,           0.0085645,           0.0085645,           0.0085645
                  31,            0.034781,            0.012112,                   0,             0.84514,             0.73903,             0.77694,             0.29655,            0.049729,            0.019038,                   0,            0.008515,            0.008515,            0.008515
                  32,            0.034313,            0.012697,                   0,             0.90872,             0.65972,             0.69932,             0.13644,            0.068723,            0.017729,                   0,           0.0084655,           0.0084655,           0.0084655
                  33,            0.032799,            0.012048,                   0,             0.50232,             0.32639,             0.24505,            0.033227,            0.073588,            0.015249,                   0,            0.008416,            0.008416,            0.008416
                  34,            0.033823,            0.011704,                   0,              0.9107,             0.74653,             0.80928,             0.39641,            0.043167,            0.017194,                   0,           0.0083665,           0.0083665,           0.0083665
                  35,             0.03536,            0.011717,                   0,             0.83125,             0.77083,             0.80313,             0.38177,            0.041702,            0.019057,                   0,            0.008317,            0.008317,            0.008317
                  36,             0.03037,            0.011682,                   0,             0.84439,             0.79134,             0.81787,             0.37157,            0.042338,            0.018313,                   0,           0.0082675,           0.0082675,           0.0082675
                  37,            0.030511,             0.01209,                   0,             0.84698,             0.78799,             0.81139,             0.43136,            0.041587,            0.017769,                   0,            0.008218,            0.008218,            0.008218
                  38,            0.033366,            0.010393,                   0,             0.77617,             0.58998,             0.59426,             0.10647,            0.062484,            0.019712,                   0,           0.0081685,           0.0081685,           0.0081685
                  39,            0.029575,            0.011635,                   0,              0.8293,             0.79514,             0.81778,              0.3832,            0.044821,             0.01867,                   0,            0.008119,            0.008119,            0.008119
                  40,            0.032213,            0.011191,                   0,             0.90434,             0.72213,             0.79732,             0.45011,            0.040173,            0.019431,                   0,           0.0080695,           0.0080695,           0.0080695
                  41,            0.031036,            0.010774,                   0,             0.86845,             0.73611,             0.78487,             0.43239,            0.039913,            0.022187,                   0,             0.00802,             0.00802,             0.00802
                  42,            0.030518,            0.010796,                   0,             0.88633,             0.68158,             0.73019,              0.2066,            0.053558,            0.022064,                   0,           0.0079705,           0.0079705,           0.0079705
                  43,            0.031859,            0.011116,                   0,             0.87854,             0.72917,             0.79303,             0.42603,            0.040574,            0.019844,                   0,            0.007921,            0.007921,            0.007921
                  44,            0.028404,            0.010991,                   0,             0.83635,             0.78125,             0.81082,             0.48697,            0.036895,            0.019758,                   0,           0.0078715,           0.0078715,           0.0078715
                  45,            0.028306,            0.011058,                   0,             0.83555,             0.64211,             0.65367,             0.17075,            0.057694,            0.022998,                   0,            0.007822,            0.007822,            0.007822
                  46,            0.029553,            0.011038,                   0,             0.93448,             0.74289,             0.83114,              0.4847,            0.039319,            0.018657,                   0,           0.0077725,           0.0077725,           0.0077725
                  47,            0.028125,            0.010207,                   0,             0.92871,             0.72569,             0.80995,             0.42749,            0.042635,            0.019125,                   0,            0.007723,            0.007723,            0.007723
                  48,            0.027475,            0.010885,                   0,             0.88162,             0.74994,             0.79653,             0.44017,            0.040497,            0.020198,                   0,           0.0076735,           0.0076735,           0.0076735
                  49,            0.028626,           0.0096822,                   0,             0.92412,             0.65591,             0.70497,             0.19153,            0.059568,            0.024343,                   0,            0.007624,            0.007624,            0.007624
                  50,            0.032641,            0.010976,                   0,             0.86871,             0.78115,             0.80399,             0.25776,            0.055218,              0.0187,                   0,           0.0075745,           0.0075745,           0.0075745
                  51,            0.026831,             0.01003,                   0,             0.91223,             0.72474,             0.80157,             0.28848,            0.049998,            0.020299,                   0,            0.007525,            0.007525,            0.007525
                  52,            0.028517,           0.0097823,                   0,             0.77815,             0.56835,             0.56718,             0.13722,            0.063906,            0.023225,                   0,           0.0074755,           0.0074755,           0.0074755
                  53,            0.029262,           0.0094406,                   0,             0.93404,             0.69444,             0.80449,             0.47239,            0.037623,            0.020846,                   0,            0.007426,            0.007426,            0.007426
                  54,            0.028344,            0.010316,                   0,             0.91596,              0.7569,             0.83401,             0.39258,            0.042451,            0.018885,                   0,           0.0073765,           0.0073765,           0.0073765
                  55,            0.027006,            0.010269,                   0,             0.88412,             0.71525,             0.81557,             0.43744,            0.040317,            0.020368,                   0,            0.007327,            0.007327,            0.007327
                  56,            0.027096,           0.0095193,                   0,             0.88004,             0.73958,              0.8076,             0.34371,            0.045207,            0.020368,                   0,           0.0072775,           0.0072775,           0.0072775
                  57,            0.026366,           0.0092309,                   0,             0.88934,             0.75342,             0.80774,             0.47905,            0.037406,            0.021672,                   0,            0.007228,            0.007228,            0.007228
                  58,            0.026785,             0.00911,                   0,             0.92747,             0.71181,              0.8353,             0.48344,            0.037863,            0.019024,                   0,           0.0071785,           0.0071785,           0.0071785
                  59,            0.025781,           0.0096369,                   0,             0.88771,             0.77083,             0.83282,             0.49732,            0.037197,            0.018531,                   0,            0.007129,            0.007129,            0.007129
                  60,            0.028198,           0.0092714,                   0,             0.85541,             0.73954,             0.79856,             0.37299,            0.043789,            0.020696,                   0,           0.0070795,           0.0070795,           0.0070795
                  61,            0.024645,           0.0091157,                   0,             0.86874,             0.74306,             0.81216,             0.46183,             0.03895,            0.021937,                   0,             0.00703,             0.00703,             0.00703
                  62,            0.028205,           0.0095408,                   0,             0.89089,             0.76736,             0.83074,             0.46229,            0.041248,            0.020348,                   0,           0.0069805,           0.0069805,           0.0069805
                  63,            0.027822,           0.0096499,                   0,             0.90646,             0.77431,             0.83103,             0.45479,            0.039537,            0.019789,                   0,            0.006931,            0.006931,            0.006931
                  64,            0.025959,           0.0091254,                   0,             0.84696,             0.77083,             0.82073,             0.46084,            0.038693,            0.021161,                   0,           0.0068815,           0.0068815,           0.0068815
                  65,            0.027948,           0.0091243,                   0,             0.88146,             0.77778,             0.82206,             0.40934,            0.043134,             0.02062,                   0,            0.006832,            0.006832,            0.006832
                  66,               0.025,           0.0089371,                   0,             0.86152,             0.77769,             0.82814,             0.44664,            0.039851,              0.0208,                   0,           0.0067825,           0.0067825,           0.0067825
                  67,            0.023951,           0.0085149,                   0,             0.89267,             0.75347,             0.80995,             0.42959,            0.041574,            0.021729,                   0,            0.006733,            0.006733,            0.006733
                  68,            0.024924,           0.0091478,                   0,             0.87913,             0.76042,             0.80825,             0.47546,            0.038797,            0.022615,                   0,           0.0066835,           0.0066835,           0.0066835
                  69,            0.026576,           0.0085779,                   0,             0.90882,             0.73264,             0.79755,             0.35301,            0.046231,            0.023586,                   0,            0.006634,            0.006634,            0.006634
                  70,            0.025094,            0.008455,                   0,             0.90598,              0.7412,             0.80322,             0.41537,            0.043057,            0.023584,                   0,           0.0065845,           0.0065845,           0.0065845
                  71,            0.023436,            0.009432,                   0,             0.88091,             0.77052,             0.82157,             0.47567,            0.039256,            0.020674,                   0,            0.006535,            0.006535,            0.006535
                  72,            0.023644,           0.0081259,                   0,             0.86519,             0.78125,              0.8192,             0.47416,            0.039209,            0.021599,                   0,           0.0064855,           0.0064855,           0.0064855
                  73,            0.021382,           0.0084322,                   0,             0.89626,             0.74999,             0.79976,             0.36772,            0.046041,            0.022197,                   0,            0.006436,            0.006436,            0.006436
                  74,            0.022175,           0.0078684,                   0,             0.86381,             0.77082,             0.82452,             0.48493,             0.03627,            0.021343,                   0,           0.0063865,           0.0063865,           0.0063865
                  75,            0.024337,           0.0087802,                   0,             0.86561,             0.76039,             0.81159,              0.4375,            0.040761,            0.021627,                   0,            0.006337,            0.006337,            0.006337
                  76,             0.02182,            0.008236,                   0,             0.87842,             0.75347,             0.82273,             0.44671,            0.039593,            0.021955,                   0,           0.0062875,           0.0062875,           0.0062875
                  77,            0.024258,           0.0079835,                   0,             0.88787,             0.77431,             0.82828,             0.30392,            0.051163,            0.020137,                   0,            0.006238,            0.006238,            0.006238
                  78,            0.024309,           0.0083081,                   0,             0.90445,             0.73611,             0.83038,             0.40041,            0.044438,            0.020749,                   0,           0.0061885,           0.0061885,           0.0061885
                  79,            0.024517,           0.0085441,                   0,             0.87499,             0.80199,                0.83,             0.43373,            0.040822,            0.021522,                   0,            0.006139,            0.006139,            0.006139
                  80,            0.022452,           0.0083114,                   0,             0.86502,             0.75694,             0.80927,             0.48291,             0.03769,            0.023596,                   0,           0.0060895,           0.0060895,           0.0060895
                  81,            0.023504,           0.0085703,                   0,             0.87698,             0.76734,             0.81987,             0.48357,            0.037774,            0.022566,                   0,             0.00604,             0.00604,             0.00604
                  82,            0.023978,           0.0082791,                   0,             0.91577,             0.75694,             0.81399,              0.4769,            0.037973,            0.023598,                   0,           0.0059905,           0.0059905,           0.0059905
                  83,            0.021387,           0.0080414,                   0,             0.88917,             0.75347,             0.80739,             0.47368,            0.038147,            0.023884,                   0,            0.005941,            0.005941,            0.005941
                  84,            0.020771,           0.0077256,                   0,             0.88377,             0.73958,             0.80357,              0.4705,            0.037175,            0.023022,                   0,           0.0058915,           0.0058915,           0.0058915
                  85,            0.022701,           0.0078952,                   0,             0.89401,             0.76389,             0.81768,             0.49717,            0.035404,            0.023316,                   0,            0.005842,            0.005842,            0.005842
                  86,            0.026273,           0.0081555,                   0,             0.94362,             0.75694,             0.81939,             0.44263,            0.039863,            0.023107,                   0,           0.0057925,           0.0057925,           0.0057925
                  87,            0.022862,           0.0080271,                   0,             0.92024,             0.76389,             0.79639,              0.3925,            0.042743,            0.023054,                   0,            0.005743,            0.005743,            0.005743
                  88,            0.023215,           0.0081254,                   0,             0.81337,             0.78369,             0.80514,             0.46662,            0.037818,            0.025695,                   0,           0.0056935,           0.0056935,           0.0056935
                  89,             0.02147,           0.0080889,                   0,             0.82796,             0.73528,             0.78694,             0.46517,            0.036898,            0.024971,                   0,            0.005644,            0.005644,            0.005644
                  90,            0.022028,           0.0070798,                   0,             0.86333,             0.75099,             0.80135,             0.49094,            0.036725,            0.025315,                   0,           0.0055945,           0.0055945,           0.0055945
                  91,             0.02016,           0.0076306,                   0,              0.9043,             0.74296,             0.78132,             0.45089,            0.039024,            0.025511,                   0,            0.005545,            0.005545,            0.005545
                  92,            0.021793,           0.0080302,                   0,              0.8943,             0.75887,             0.80858,              0.4259,            0.041829,            0.024702,                   0,           0.0054955,           0.0054955,           0.0054955
                  93,            0.021766,           0.0071753,                   0,             0.89373,             0.76923,             0.81629,             0.47345,            0.037794,            0.023868,                   0,            0.005446,            0.005446,            0.005446
                  94,             0.02227,           0.0080038,                   0,             0.88926,             0.75874,             0.82293,             0.47213,             0.03894,            0.023354,                   0,           0.0053965,           0.0053965,           0.0053965
                  95,            0.021168,           0.0081798,                   0,             0.88557,             0.75347,             0.81195,             0.46602,            0.038384,            0.023508,                   0,            0.005347,            0.005347,            0.005347
                  96,            0.021113,           0.0077131,                   0,               0.914,             0.70601,             0.77664,              0.3775,            0.045105,            0.025477,                   0,           0.0052975,           0.0052975,           0.0052975
                  97,            0.021788,           0.0078614,                   0,             0.87955,             0.73611,             0.78843,             0.42428,             0.04058,            0.024334,                   0,            0.005248,            0.005248,            0.005248
                  98,            0.019774,           0.0076423,                   0,             0.89904,             0.74306,             0.82278,             0.48441,            0.037081,            0.022549,                   0,           0.0051985,           0.0051985,           0.0051985
                  99,            0.019958,           0.0069321,                   0,             0.89115,              0.7391,             0.80917,             0.48466,            0.036708,            0.024485,                   0,            0.005149,            0.005149,            0.005149
                 100,            0.020561,           0.0077041,                   0,             0.85585,             0.78472,             0.81373,             0.46642,            0.038535,            0.022893,                   0,           0.0050995,           0.0050995,           0.0050995
                 101,            0.020462,           0.0071817,                   0,             0.89146,             0.71528,             0.78158,             0.46534,            0.037134,            0.026108,                   0,             0.00505,             0.00505,             0.00505
                 102,            0.020228,           0.0071547,                   0,                0.84,             0.75261,             0.79351,             0.48216,            0.036436,            0.025534,                   0,           0.0050005,           0.0050005,           0.0050005
                 103,            0.020919,           0.0071608,                   0,             0.90042,             0.73239,             0.81458,             0.49148,            0.036665,            0.024688,                   0,            0.004951,            0.004951,            0.004951
                 104,             0.01908,            0.007717,                   0,             0.91283,             0.76356,             0.82375,             0.48523,            0.037008,            0.023462,                   0,           0.0049015,           0.0049015,           0.0049015
                 105,            0.017827,           0.0069235,                   0,             0.94595,             0.72917,             0.81275,             0.47842,            0.036812,            0.024673,                   0,            0.004852,            0.004852,            0.004852
                 106,            0.019339,           0.0071068,                   0,             0.93352,             0.73138,             0.80411,             0.45656,            0.037519,             0.02563,                   0,           0.0048025,           0.0048025,           0.0048025
                 107,            0.019042,           0.0073086,                   0,             0.92467,             0.76722,             0.81772,             0.45996,            0.038012,             0.02498,                   0,            0.004753,            0.004753,            0.004753
                 108,            0.019004,           0.0069087,                   0,             0.89142,             0.74306,             0.80903,             0.47214,            0.037851,            0.025626,                   0,           0.0047035,           0.0047035,           0.0047035
                 109,             0.01838,           0.0072368,                   0,             0.86323,             0.76701,             0.81329,             0.47866,            0.035902,            0.023288,                   0,            0.004654,            0.004654,            0.004654
                 110,            0.017334,           0.0065573,                   0,             0.88569,             0.75347,             0.82076,             0.48234,            0.036758,            0.023073,                   0,           0.0046045,           0.0046045,           0.0046045
                 111,            0.019769,           0.0069451,                   0,              0.8394,             0.76389,             0.81747,             0.48658,             0.03614,            0.024133,                   0,            0.004555,            0.004555,            0.004555
                 112,             0.02006,           0.0076416,                   0,             0.89493,             0.73938,             0.81044,             0.46194,            0.037431,            0.025701,                   0,           0.0045055,           0.0045055,           0.0045055
                 113,            0.019445,           0.0070023,                   0,             0.91259,             0.72569,             0.81349,             0.49367,            0.036863,            0.025554,                   0,            0.004456,            0.004456,            0.004456
                 114,            0.017172,           0.0067759,                   0,             0.90678,             0.75351,             0.81978,             0.46916,            0.037764,            0.024845,                   0,           0.0044065,           0.0044065,           0.0044065
                 115,            0.019381,           0.0069126,                   0,             0.93643,             0.73944,             0.80898,             0.44998,            0.037969,            0.026441,                   0,            0.004357,            0.004357,            0.004357
                 116,            0.019791,           0.0070206,                   0,             0.91795,             0.73958,             0.81786,             0.47312,            0.037569,            0.024888,                   0,           0.0043075,           0.0043075,           0.0043075
                 117,             0.01809,           0.0069103,                   0,             0.90201,             0.77083,             0.82642,             0.47626,             0.03718,            0.024081,                   0,            0.004258,            0.004258,            0.004258
                 118,            0.018362,           0.0072905,                   0,             0.91763,             0.78521,             0.82361,             0.49856,              0.0373,             0.02466,                   0,           0.0042085,           0.0042085,           0.0042085
                 119,            0.019993,           0.0068251,                   0,              0.8958,             0.75676,              0.8111,             0.49333,            0.037264,            0.026264,                   0,            0.004159,            0.004159,            0.004159
                 120,            0.018667,           0.0068296,                   0,             0.91616,             0.73759,             0.80314,             0.49767,            0.036654,             0.02739,                   0,           0.0041095,           0.0041095,           0.0041095
                 121,            0.017126,            0.006958,                   0,             0.92994,             0.75887,             0.81584,             0.50076,            0.036272,            0.025994,                   0,             0.00406,             0.00406,             0.00406
                 122,            0.017963,           0.0063552,                   0,             0.93372,             0.74912,             0.81604,             0.45444,            0.038681,            0.025863,                   0,           0.0040105,           0.0040105,           0.0040105
                 123,            0.018896,            0.006777,                   0,             0.93131,             0.76925,             0.82176,             0.43895,            0.039366,            0.026089,                   0,            0.003961,            0.003961,            0.003961
                 124,            0.018038,           0.0065018,                   0,             0.92073,                0.75,             0.80956,             0.48736,            0.036774,            0.026142,                   0,           0.0039115,           0.0039115,           0.0039115
                 125,            0.017755,            0.006418,                   0,             0.86385,             0.77431,             0.81588,             0.49682,            0.036193,            0.025456,                   0,            0.003862,            0.003862,            0.003862
                 126,            0.016529,           0.0061499,                   0,             0.85983,             0.78369,              0.8297,             0.51534,            0.035273,            0.025606,                   0,           0.0038125,           0.0038125,           0.0038125
                 127,            0.017911,           0.0066733,                   0,             0.89731,             0.73776,             0.80734,             0.49011,            0.035638,            0.026763,                   0,            0.003763,            0.003763,            0.003763
                 128,            0.016243,           0.0064393,                   0,             0.88463,             0.74113,             0.80899,             0.47836,            0.036772,            0.026981,                   0,           0.0037135,           0.0037135,           0.0037135
                 129,            0.017847,            0.007076,                   0,             0.88378,             0.76071,             0.81998,             0.49145,             0.03679,            0.026724,                   0,            0.003664,            0.003664,            0.003664
                 130,            0.017062,           0.0064909,                   0,             0.91813,             0.75352,             0.82654,             0.48792,             0.03717,            0.025591,                   0,           0.0036145,           0.0036145,           0.0036145
                 131,            0.018032,           0.0065354,                   0,              0.9245,             0.76736,              0.8288,             0.48805,             0.03724,            0.024242,                   0,            0.003565,            0.003565,            0.003565
                 132,            0.017767,             0.00644,                   0,             0.91801,             0.77755,             0.82006,             0.48887,            0.037062,            0.024179,                   0,           0.0035155,           0.0035155,           0.0035155
                 133,             0.01677,           0.0068999,                   0,             0.92448,             0.76736,             0.82666,             0.49728,            0.036674,             0.02384,                   0,            0.003466,            0.003466,            0.003466
                 134,            0.016967,           0.0062976,                   0,             0.91701,             0.76733,              0.8319,               0.499,            0.036974,            0.024536,                   0,           0.0034165,           0.0034165,           0.0034165
                 135,            0.017639,           0.0067834,                   0,             0.88708,             0.76377,             0.82321,             0.50889,              0.0362,            0.024598,                   0,            0.003367,            0.003367,            0.003367
                 136,            0.015434,           0.0063805,                   0,             0.89221,                0.75,             0.81958,             0.49275,            0.036291,            0.024848,                   0,           0.0033175,           0.0033175,           0.0033175
                 137,            0.016044,           0.0059421,                   0,              0.9251,             0.73427,             0.83261,             0.50697,            0.035751,            0.024721,                   0,            0.003268,            0.003268,            0.003268
                 138,             0.01818,           0.0059765,                   0,             0.90534,             0.76389,             0.82751,             0.51072,            0.035648,            0.024594,                   0,           0.0032185,           0.0032185,           0.0032185
                 139,            0.016212,           0.0062003,                   0,             0.89669,             0.75872,             0.82145,             0.48764,             0.03696,            0.025099,                   0,            0.003169,            0.003169,            0.003169
                 140,            0.015585,            0.006286,                   0,             0.85421,             0.75347,             0.81857,             0.49737,            0.036395,            0.025206,                   0,           0.0031195,           0.0031195,           0.0031195
                 141,            0.016294,           0.0069375,                   0,             0.84046,             0.74995,             0.80925,             0.50105,            0.036222,            0.025872,                   0,             0.00307,             0.00307,             0.00307
                 142,            0.016379,           0.0060704,                   0,             0.91441,             0.70483,             0.80512,             0.49735,            0.035722,            0.026886,                   0,           0.0030205,           0.0030205,           0.0030205
                 143,            0.014536,           0.0054322,                   0,             0.92626,             0.71272,             0.81368,             0.50701,             0.03601,            0.027114,                   0,            0.002971,            0.002971,            0.002971
                 144,            0.016322,           0.0063339,                   0,             0.87895,             0.76224,             0.82429,             0.51026,            0.035743,            0.026112,                   0,           0.0029215,           0.0029215,           0.0029215
                 145,            0.016192,           0.0064753,                   0,             0.90515,             0.76071,             0.83045,             0.51123,            0.036564,            0.027501,                   0,            0.002872,            0.002872,            0.002872
                 146,            0.015281,            0.006287,                   0,             0.89579,             0.76754,             0.82472,             0.51166,             0.03716,            0.027254,                   0,           0.0028225,           0.0028225,           0.0028225
                 147,            0.016961,           0.0064285,                   0,             0.93721,             0.74099,             0.82501,             0.51494,            0.036636,             0.02708,                   0,            0.002773,            0.002773,            0.002773
                 148,            0.015362,           0.0059708,                   0,             0.92734,             0.75861,             0.82631,             0.48804,            0.037282,            0.025929,                   0,           0.0027235,           0.0027235,           0.0027235
                 149,            0.015737,           0.0061483,                   0,             0.93159,             0.76389,             0.83694,             0.51799,            0.035881,            0.024483,                   0,            0.002674,            0.002674,            0.002674
                 150,            0.015412,           0.0066167,                   0,             0.94247,             0.74465,              0.8245,             0.49428,            0.037036,            0.025634,                   0,           0.0026245,           0.0026245,           0.0026245
                 151,            0.016309,           0.0060035,                   0,              0.9151,             0.75524,             0.80826,             0.49903,            0.036691,            0.026707,                   0,            0.002575,            0.002575,            0.002575
                 152,            0.014153,           0.0061931,                   0,             0.92172,             0.74102,             0.80986,             0.49818,            0.036577,            0.026371,                   0,           0.0025255,           0.0025255,           0.0025255
                 153,            0.015712,           0.0065031,                   0,             0.90197,             0.77211,              0.8214,             0.50603,            0.036441,             0.02632,                   0,            0.002476,            0.002476,            0.002476
                 154,            0.014845,           0.0059677,                   0,              0.9007,             0.77083,             0.81862,             0.50269,            0.036319,            0.027075,                   0,           0.0024265,           0.0024265,           0.0024265
                 155,            0.014274,           0.0064245,                   0,             0.90113,              0.7648,             0.82705,             0.51079,             0.03607,            0.027261,                   0,            0.002377,            0.002377,            0.002377
                 156,            0.016182,           0.0058801,                   0,             0.89753,             0.76301,             0.82358,             0.50534,            0.036089,            0.026277,                   0,           0.0023275,           0.0023275,           0.0023275
                 157,            0.015323,           0.0064556,                   0,             0.88094,             0.77083,             0.82835,             0.51091,            0.035887,            0.025894,                   0,            0.002278,            0.002278,            0.002278
                 158,            0.014548,           0.0056615,                   0,             0.91103,             0.75694,             0.82556,             0.50705,            0.035729,            0.025861,                   0,           0.0022285,           0.0022285,           0.0022285
                 159,            0.014968,           0.0062652,                   0,             0.92043,             0.76319,             0.82086,             0.50707,             0.03561,            0.026293,                   0,            0.002179,            0.002179,            0.002179
                 160,            0.015321,           0.0059359,                   0,             0.90713,             0.74615,             0.80801,              0.4974,            0.035442,            0.026588,                   0,           0.0021295,           0.0021295,           0.0021295
                 161,            0.014135,           0.0059181,                   0,             0.88108,             0.74604,             0.81615,             0.49427,            0.035603,            0.026169,                   0,             0.00208,             0.00208,             0.00208
                 162,            0.014889,            0.005509,                   0,             0.86413,             0.75347,             0.81596,             0.50011,             0.03576,            0.026306,                   0,           0.0020305,           0.0020305,           0.0020305
                 163,            0.014789,           0.0055116,                   0,             0.86716,                0.75,             0.81194,             0.49621,            0.035745,            0.026688,                   0,            0.001981,            0.001981,            0.001981
                 164,            0.014491,           0.0059385,                   0,             0.84881,             0.76389,             0.81437,              0.4885,             0.03631,             0.02612,                   0,           0.0019315,           0.0019315,           0.0019315
                 165,            0.014248,           0.0057012,                   0,             0.88982,             0.72906,             0.81384,             0.50248,            0.036317,             0.02607,                   0,            0.001882,            0.001882,            0.001882
                 166,            0.013931,           0.0056938,                   0,             0.90145,             0.76736,             0.82125,             0.49893,            0.036352,            0.026166,                   0,           0.0018325,           0.0018325,           0.0018325
                 167,            0.015181,           0.0058857,                   0,             0.91769,             0.73611,             0.81005,              0.4951,            0.036671,            0.028129,                   0,            0.001783,            0.001783,            0.001783
                 168,            0.014233,           0.0058809,                   0,             0.91815,             0.75347,             0.82319,             0.50037,            0.036633,             0.02755,                   0,           0.0017335,           0.0017335,           0.0017335
                 169,            0.013513,           0.0053505,                   0,              0.9229,             0.75347,             0.82821,             0.50362,            0.036332,            0.026429,                   0,            0.001684,            0.001684,            0.001684
                 170,            0.014026,           0.0058191,                   0,             0.89726,             0.76042,               0.827,             0.50712,            0.035909,            0.026528,                   0,           0.0016345,           0.0016345,           0.0016345
                 171,             0.01397,            0.005684,                   0,             0.90553,             0.74653,             0.81837,             0.48912,            0.036219,            0.027213,                   0,            0.001585,            0.001585,            0.001585
                 172,            0.014121,           0.0061205,                   0,              0.9103,             0.74306,              0.8221,             0.49529,             0.03624,            0.027039,                   0,           0.0015355,           0.0015355,           0.0015355
                 173,             0.01376,           0.0052955,                   0,             0.90374,             0.75524,             0.82283,             0.49434,            0.036216,            0.027068,                   0,            0.001486,            0.001486,            0.001486
                 174,            0.013719,           0.0061385,                   0,             0.88916,             0.75874,             0.82247,             0.49431,            0.036573,            0.027347,                   0,           0.0014365,           0.0014365,           0.0014365
                 175,            0.014597,           0.0064017,                   0,             0.88843,             0.77421,             0.83175,             0.49744,            0.036216,            0.026393,                   0,            0.001387,            0.001387,            0.001387
                 176,            0.013765,           0.0061823,                   0,             0.88738,             0.77431,             0.83164,             0.50485,            0.035663,             0.02648,                   0,           0.0013375,           0.0013375,           0.0013375
                 177,            0.013705,           0.0058323,                   0,               0.893,              0.7534,             0.82161,             0.48964,            0.035851,            0.027351,                   0,            0.001288,            0.001288,            0.001288
                 178,             0.01322,            0.005734,                   0,             0.89398,             0.76389,             0.83098,             0.50027,            0.035906,            0.026849,                   0,           0.0012385,           0.0012385,           0.0012385
                 179,            0.013171,           0.0060907,                   0,             0.89691,             0.76389,             0.83417,             0.50612,            0.035903,            0.026677,                   0,            0.001189,            0.001189,            0.001189
                 180,            0.013488,           0.0055186,                   0,             0.90519,             0.73958,             0.82619,              0.5033,            0.036152,            0.027478,                   0,           0.0011395,           0.0011395,           0.0011395
                 181,            0.012999,           0.0054113,                   0,             0.90545,             0.73958,             0.81385,             0.49157,            0.036186,             0.02808,                   0,             0.00109,             0.00109,             0.00109
                 182,            0.013571,           0.0059326,                   0,             0.90248,             0.73908,             0.81531,             0.49925,            0.036117,            0.028015,                   0,           0.0010405,           0.0010405,           0.0010405
                 183,            0.013562,           0.0056736,                   0,             0.90572,                0.75,             0.82475,             0.50111,            0.036137,            0.028058,                   0,            0.000991,            0.000991,            0.000991
                 184,            0.012673,           0.0051453,                   0,              0.8962,                0.75,             0.82065,             0.50158,            0.035869,            0.027632,                   0,           0.0009415,           0.0009415,           0.0009415
                 185,            0.012847,           0.0055311,                   0,             0.89625,             0.74987,             0.81881,             0.50167,             0.03601,            0.028033,                   0,            0.000892,            0.000892,            0.000892
                 186,            0.012861,           0.0054862,                   0,             0.89095,                0.75,             0.82312,             0.50376,            0.036009,            0.027736,                   0,           0.0008425,           0.0008425,           0.0008425
                 187,            0.012906,           0.0055943,                   0,             0.89581,             0.74632,             0.82554,             0.50055,            0.036089,            0.027727,                   0,            0.000793,            0.000793,            0.000793
                 188,             0.01338,           0.0060517,                   0,             0.89915,             0.77391,             0.82651,              0.5019,            0.036122,            0.027563,                   0,           0.0007435,           0.0007435,           0.0007435
                 189,            0.013206,           0.0054028,                   0,             0.89418,             0.76736,             0.82482,             0.50369,            0.035976,            0.027312,                   0,            0.000694,            0.000694,            0.000694
                 190,            0.012521,           0.0058073,                   0,             0.88069,              0.7689,             0.82821,             0.49993,            0.036011,            0.027131,                   0,           0.0006445,           0.0006445,           0.0006445
                 191,            0.012566,           0.0055887,                   0,             0.89001,             0.76389,             0.82831,             0.50555,            0.035913,             0.02699,                   0,            0.000595,            0.000595,            0.000595
                 192,             0.01187,           0.0050866,                   0,             0.88093,             0.77064,             0.82966,             0.49936,            0.036143,            0.026853,                   0,           0.0005455,           0.0005455,           0.0005455
                 193,            0.013083,           0.0055649,                   0,             0.88535,             0.77761,             0.82946,             0.50363,            0.036069,            0.026909,                   0,            0.000496,            0.000496,            0.000496
                 194,            0.011988,           0.0050608,                   0,               0.895,             0.76949,             0.82777,             0.50197,             0.03611,            0.027067,                   0,           0.0004465,           0.0004465,           0.0004465
                 195,            0.012666,           0.0053257,                   0,             0.88141,             0.77419,             0.82868,             0.49648,            0.036284,            0.027014,                   0,            0.000397,            0.000397,            0.000397
                 196,            0.012586,           0.0051473,                   0,             0.88748,             0.76685,             0.82343,             0.49581,            0.036269,            0.027289,                   0,           0.0003475,           0.0003475,           0.0003475
                 197,            0.012606,           0.0056869,                   0,             0.89065,             0.76358,             0.82381,             0.49585,            0.036205,            0.027505,                   0,            0.000298,            0.000298,            0.000298
                 198,            0.012718,           0.0052823,                   0,             0.89747,             0.75985,             0.82437,             0.49592,            0.036185,            0.027546,                   0,           0.0002485,           0.0002485,           0.0002485
                 199,            0.012712,           0.0055666,                   0,             0.89327,             0.76389,             0.82464,             0.49591,            0.036242,            0.027586,                   0,            0.000199,            0.000199,            0.000199
